{"is_source_file": false, "format": "", "description": "", "external_files": [], "external_methods": [], "published": [], "classes": [], "methods": [], "calls": [], "search-terms": ["CSS Variables", ":root", "dark theme", "light theme", "theme toggle", "App-header", "responsive design"], "state": 2, "file_id": 3, "knowledge_revision": 17, "git_revision": "03f59877e506b3d6e3ac3223e75300616faaf36f", "hash": "22f9e17cc1848b56dbb244518ac2707e", "format-version": 4, "code-base-name": "notes_frontend", "filename": "notes_frontend/src/App.css", "revision_history": [{"17": "03f59877e506b3d6e3ac3223e75300616faaf36f"}]}