{"is_source_file": false, "format": "", "description": "", "external_files": [], "external_methods": [], "published": [], "classes": [], "methods": [], "calls": [], "search-terms": [], "state": 2, "file_id": 7, "knowledge_revision": 12, "git_revision": "03f59877e506b3d6e3ac3223e75300616faaf36f", "hash": "d001d53c059625c4bcf75bf5a7f3fcf0", "format-version": 4, "code-base-name": "notes_frontend", "filename": "notes_frontend/package.json", "revision_history": [{"12": "03f59877e506b3d6e3ac3223e75300616faaf36f"}]}