{"is_source_file": true, "format": "JavaScript", "description": "This is the entry point for a React-based frontend application, responsible for rendering the root React component into the DOM.", "external_files": ["react", "react-dom/client", "./index.css", "./App"], "external_methods": ["ReactDOM.createRoot", "root.render"], "published": [], "classes": [], "methods": [{"name": "ReactDOM.createRoot", "description": "Creates a root to render React components."}, {"name": "root.render", "description": "Renders React elements into the DOM."}], "calls": ["ReactDOM.createRoot", "root.render", "document.getElementById", "React.createElement"], "search-terms": ["React", "ReactDOM", "entry point", "render", "DOM", "index.js", "main"], "state": 2, "file_id": 6, "knowledge_revision": 20, "git_revision": "03f59877e506b3d6e3ac3223e75300616faaf36f", "ctags": [{"_type": "tag", "name": "root", "path": "/home/kavia/workspace/code-generation/simple-notes-app-303332-303341/notes_frontend/src/index.js", "pattern": "/^const root = ReactDOM.createRoot(document.getElementById('root'));$/", "language": "JavaScript", "kind": "constant"}], "hash": "9fc5841375336fc175b49f8767a11383", "format-version": 4, "code-base-name": "notes_frontend", "filename": "notes_frontend/src/index.js", "revision_history": [{"20": "03f59877e506b3d6e3ac3223e75300616faaf36f"}]}